{
  "best_MSE": 9297.960522320072,
  "best_MAE": 1386.7783176434862
}