{
  "train_loss": 202.00604248046875,
  "train_epoch": 10.0,
  "train_runtime": 111.01514983177185
}