{
  "best_MSE": 8428.600668083815,
  "best_MAE": 1331.0321894928636
}