{
  "train_loss": 216.6217041015625,
  "train_epoch": 10.0,
  "train_runtime": 109.09451603889465
}