{
  "best_MSE": 9311.361676283024,
  "best_MAE": 1336.4076829638627
}