{
  "train_loss": 157.87550354003906,
  "train_epoch": 10.0,
  "train_runtime": 112.19771313667297
}