{
  "best_MSE": 8568.289705435773,
  "best_MAE": 1324.064227148497
}