{
  "train_loss": 192.32666015625,
  "train_epoch": 12.0,
  "train_runtime": 131.98553109169006
}