{
  "best_MSE": 9268.236258730642,
  "best_MAE": 1324.6342241117522
}