{
  "train_loss": 155.21923828125,
  "train_epoch": 12.0,
  "train_runtime": 129.16188430786133
}