{
  "best_MSE": 8893.103552991193,
  "best_MAE": 1318.1618584877012
}