{
  "best_MSE": 9360.30598238688,
  "best_MAE": 1361.8960522320072
}