{
  "train_loss": 180.88680419921874,
  "train_epoch": 10.0,
  "train_runtime": 116.6421989440918
}