{
  "best_MSE": 9264.755420589127,
  "best_MAE": 1352.0144852717888
}