{
  "train_loss": 174.08725280761718,
  "train_epoch": 12.0,
  "train_runtime": 137.91506395339965
}