{
  "best_MSE": 9973.367142423322,
  "best_MAE": 1439.678864257516
}