{
  "train_loss": 197.51693725585938,
  "train_epoch": 12.0,
  "train_runtime": 130.8781394958496
}