{
  "best_MSE": 10291.03431521409,
  "best_MAE": 1464.5098694199817
}