{
  "train_loss": 168.66468811035156,
  "train_epoch": 10.0,
  "train_runtime": 139.38596177101135
}