{
  "best_MSE": 9472.572730033404,
  "best_MAE": 1290.752201639842
}