{
  "train_loss": 159.26608276367188,
  "train_epoch": 10.0,
  "train_runtime": 111.51765394210815
}