{
  "best_MSE": 9620.780443364712,
  "best_MAE": 1353.533252353477
}