{
  "train_loss": 148.9925079345703,
  "train_epoch": 12.0,
  "train_runtime": 131.49837279319763
}