{
  "train_loss": 176.38092041015625,
  "train_epoch": 12.0,
  "train_runtime": 166.05139207839966
}